Source,Subsystem,Count,Sender IPs,Log Levels,Search Matches
engine,Audit.Engine.Qlik.Sense.Logging.QSLogManagerBase,2,192.168.100.109; 192.168.100.110,INFO,
engine,Audit.Repository.Qlik.Sense.Communication.Communication.Header.HeaderParser,4,192.168.100.109; 192.168.100.110,DEBUG,
engine,Audit.Repository.Qlik.Sense.Communication.Communication.Tcp.StreamFactory,2,192.168.100.109; 192.168.100.110,DEBUG,
engine,Audit.Repository.Qlik.Sense.Communication.Communication.Tcp.TcpClientWrapperFactory`1,2,192.168.100.109; 192.168.100.110,DEBUG,
engine,Audit.Repository.Repository.Core.Repository.Common.FileSystemRequestManager,14,192.168.100.109,INFO,
engine,Audit.Repository.Repository.Core.Repository.ExtensionRepository,3,192.168.100.109,INFO,
engine,Audit.Repository.Repository.Core.Security.SecurityFilterResultCache,12,192.168.100.109; 192.168.100.110,DEBUG,
engine,Audit.Repository.Repository.Core.StaticContent.ExtensionReferencesHandler,11,192.168.100.109,INFO,
engine,AuditSecurity.Repository.Repository.Core.Licensing.LicenseMaintenance,2,192.168.100.109,INFO,
engine,ExternalServices.Engine.Qlik.Sense.Logging.QSLogManagerBase,2,192.168.100.109; 192.168.100.110,INFO,
engine,HttpTraffic.Engine.Qlik.Sense.Logging.QSLogManagerBase,2,192.168.100.109; 192.168.100.110,INFO,
engine,License.Repository.Repository.Core.Licensing.LicenseMaintenance,2,192.168.100.109,INFO,
engine,Performance.Engine.Engine,3,192.168.100.109; 192.168.100.110,INFO,
engine,Performance.Engine.Qlik.Sense.Logging.QSLogManagerBase,1,192.168.100.109,INFO,
engine,Performance.Repository.Qlik.Sense.Common.Communication.REST.Server.Monitoring.RestPerformanceSession,1633,192.168.100.109; 192.168.100.110,DEBUG,
engine,Performance.Repository.Qlik.Sense.Common.Communication.Server.HttpConnectionHandler,5243,192.168.100.109; 192.168.100.110,DEBUG,22b106a8-e7ed-4466-b700-014f060bef16
engine,QixPerformance.Engine.Qlik.Sense.Logging.QSLogManagerBase,1,192.168.100.109,INFO,
engine,Security.Repository.Qlik.Sense.Common.Security.Cryptography.CryptoKey,25,192.168.100.109; 192.168.100.110,DEBUG; INFO,
engine,Security.Repository.Qlik.Sense.Common.Security.Cryptography.SecretsKey,1,192.168.100.110,INFO,
engine,Service.Engine.Engine,26,192.168.100.109; 192.168.100.110,INFO,
engine,Service.Repository.Repository.Core.Status.ServiceStatusWorker,1,192.168.100.109,WARN,
engine,Session.Engine.Qlik.Sense.Logging.QSLogManagerBase,1,192.168.100.109,INFO,
engine,SSE.Engine.Qlik.Sense.Logging.QSLogManagerBase,1,192.168.100.109,INFO,
engine,Synchronization.Repository.Repository.Core.Logging.LogCollector,4,192.168.100.109; 192.168.100.110,INFO,
engine,Synchronization.Repository.Repository.Core.Logging.RepositoryLogEntityManager,12,192.168.100.109; 192.168.100.110,DEBUG,
engine,Synchronization.Repository.Repository.Core.Repository.Notification.ChangeMonitor,299,192.168.100.109; 192.168.100.110,DEBUG,
engine,System.Engine.Engine,116,192.168.100.109; 192.168.100.110,DEBUG; INFO; WARN,
engine,System.Engine.Qlik.Sense.Logging.QSLogManagerBase,1,192.168.100.109,INFO,
engine,System.Repository.Qlik.Sense.Common.Communication.AsyncWebClient,24,192.168.100.109; 192.168.100.110,DEBUG,
engine,System.Repository.Qlik.Sense.Common.Communication.REST.Server.RESTEngine,1630,192.168.100.109; 192.168.100.110,DEBUG,22b106a8-e7ed-4466-b700-014f060bef16
engine,System.Repository.Qlik.Sense.Common.Communication.Server.HttpConnectionHandler,16,192.168.100.109; 192.168.100.110,DEBUG,
engine,System.Repository.Qlik.Sense.Common.Communication.Server.HttpConnectionQueueHandler,2638,192.168.100.109; 192.168.100.110,DEBUG,22b106a8-e7ed-4466-b700-014f060bef16
engine,System.Repository.Qlik.Sense.Communication.Communication.Engine.EngineConnectivity,3,192.168.100.109; 192.168.100.110,DEBUG,
engine,System.Repository.Qlik.Sense.Communication.Communication.WebSocketProtocol.WebSocketSession,52,192.168.100.109; 192.168.100.110,DEBUG,
engine,System.Repository.Repository.Communication.StaticContent.FileReferenceServer,4,192.168.100.109; 192.168.100.110,DEBUG,
engine,System.Repository.Repository.Core.BackgroundWork.BackgroundWorkScheduler,132,192.168.100.109; 192.168.100.110,DEBUG; INFO,
engine,System.Repository.Repository.Core.Extensions.ExtensionBundleScriptExecutor,1,192.168.100.109,INFO,
engine,System.Repository.Repository.Core.Licensing.LicenseServer.LicenseServerFacade,10,192.168.100.110,DEBUG,
engine,System.Repository.Repository.Core.Logging.LogEntityManagerWorker,144,192.168.100.109; 192.168.100.110,DEBUG,
engine,System.Repository.Repository.Core.Repository.Notification.ChangeNotifier,320,192.168.100.109; 192.168.100.110,DEBUG,
engine,System.Repository.Repository.Core.Repository.Notification.NotificationListenerCollection,46,192.168.100.109; 192.168.100.110,DEBUG,
engine,System.Repository.Repository.Core.Repository.Notification.SystemNotificationSender,3,192.168.100.109; 192.168.100.110,INFO,
engine,System.Repository.Repository.Core.Resource.LogArchivingResource,33,192.168.100.109; 192.168.100.110,DEBUG,
engine,System.Repository.Repository.Core.Resource.NotificationResource,2,192.168.100.110,DEBUG,
engine,System.Repository.Repository.Core.Resource.Support.ExtensionSchemaCache,3,192.168.100.109,INFO,
engine,System.Repository.Repository.Core.Status.EngineHealthCheckWorker,208,192.168.100.109; 192.168.100.110,DEBUG,
engine,System.Repository.Repository.Core.Status.ServiceStatusWorker,1,192.168.100.109,WARN,
engine,Traffic.Engine.Engine,1,192.168.100.109,INFO,
engine,Traffic.Engine.Qlik.Sense.Logging.QSLogManagerBase,2,192.168.100.109; 192.168.100.110,INFO,
engine,Traffic.Repository.Qlik.Sense.Common.Communication.REST.Client.BaseRESTClient,99,192.168.100.109; 192.168.100.110,DEBUG,
printing,AuditActivity.Printing.Qlik.Sense.Logging.QSLogManagerBase,1,192.168.100.109,INFO,
printing,Performance.Engine.Engine,2,192.168.100.110,INFO,
printing,Performance.Repository.Repository.Core.Monitoring.PerformanceLogger,2,192.168.100.110,INFO,
printing,QixPerformance.Engine.Engine,4,192.168.100.110,INFO,
printing,Security.Printing.Qlik.Sense.Common.Security.Certificates.CertificatesInstalled,8,192.168.100.109; 192.168.100.110,DEBUG,
printing,Security.Printing.Qlik.Sense.Common.Security.Cryptography.CryptoKey,2,192.168.100.109; 192.168.100.110,INFO,
printing,Security.Printing.Qlik.Sense.Common.Security.Cryptography.SecretsKey,2,192.168.100.109; 192.168.100.110,INFO,
printing,Security.Printing.Qlik.Sense.Communication.Security.CommandLineExecutor,4,192.168.100.109; 192.168.100.110,DEBUG,
printing,Service.Engine.Engine,2,192.168.100.110,INFO,
printing,Service.Printing.Qlik.Printing.Sense.Service.ServerMode.RestServer,2,192.168.100.109; 192.168.100.110,INFO,
printing,Service.Printing.Qlik.Printing.Sense.Service.Starter,12,192.168.100.109; 192.168.100.110,INFO,
printing,Service.Repository.Repository.Core.Core,1,192.168.100.110,INFO,
printing,Service.Repository.Repository.Core.Services.ApiService,2,192.168.100.110,INFO,
printing,Service.Repository.Repository.Core.Services.SSLPingService,2,192.168.100.110,INFO,
printing,Service.Repository.Repository.Core.Services.StatusService,2,192.168.100.110,INFO,
printing,Service.Repository.Repository.QRSMain,1,192.168.100.110,INFO,
printing,System.Engine.Engine,12,192.168.100.110,INFO,
printing,System.Printing.Qlik.Printing.Sense.Core.Util.LibsManager,4,192.168.100.109; 192.168.100.110,DEBUG,
printing,System.Printing.Qlik.Printing.Sense.Mashup.RenderingManager,14,192.168.100.109; 192.168.100.110,INFO,
printing,System.Printing.Qlik.Printing.Sense.Mashup.ResourceProxy.GrpcResourceProxyService,8,192.168.100.109; 192.168.100.110,DEBUG,
printing,System.Printing.Qlik.Printing.Sense.Repository.LocalRepositoryClient,22,192.168.100.109; 192.168.100.110,DEBUG; ERROR,
printing,System.Printing.Qlik.Printing.Sense.Service.ServerMode.ServerSetup,12,192.168.100.109; 192.168.100.110,INFO,
printing,System.Printing.Qlik.Printing.Sense.Service.Starter,4,192.168.100.109; 192.168.100.110,INFO,
printing,System.Printing.Qlik.Sense.Common.Communication.AsyncWebClient,42,192.168.100.109; 192.168.100.110,DEBUG,
printing,System.Printing.Qlik.Sense.Common.Logging.LogEntityManager,5,192.168.100.109; 192.168.100.110,DEBUG,
printing,System.Printing.Qlik.Sense.Communication.LocalHostInfoPersistence,6,192.168.100.109; 192.168.100.110,DEBUG,
printing,System.Repository.Qlik.Sense.Common.Communication.Server.HttpConnectionHandler,20,192.168.100.110,INFO,
printing,System.Repository.Repository.Core.BackgroundWork.BackgroundWorkManager,1,192.168.100.110,INFO,
printing,System.Repository.Repository.Core.BackgroundWork.BackgroundWorkScheduler,11,192.168.100.110,ERROR; INFO; WARN,
printing,System.Repository.Repository.Core.Core,21,192.168.100.110,INFO,
printing,System.Repository.Repository.Core.Engine.Logging.LogPipeServer,6,192.168.100.110,INFO,
printing,System.Repository.Repository.Core.Services.ApiService,2,192.168.100.110,INFO,
printing,System.Repository.Repository.Core.Services.SSLPingService,2,192.168.100.110,INFO,
printing,System.Repository.Repository.Core.Services.StatusService,2,192.168.100.110,INFO,
printing,System.Repository.Repository.QRSMain,1,192.168.100.110,INFO,
printing,Traffic.Printing.Qlik.Sense.Common.Communication.REST.Client.BaseRESTClient,26,192.168.100.109; 192.168.100.110,DEBUG,
printing,UserManagement.Repository.Repository.Users.UserSyncEngine,1,192.168.100.110,INFO,
proxy,Audit.Proxy.Proxy.Communication.CsrfTokenManager,4,192.168.100.109,DEBUG,
proxy,Audit.Proxy.Proxy.Communication.HttpChannel.HttpChannelHandler,305,192.168.100.109,DEBUG; INFO,
proxy,Audit.Proxy.Proxy.Communication.Streams.AsyncStreamFactory,68,192.168.100.109,DEBUG,
proxy,Audit.Proxy.Proxy.Communication.WebSocketProtocol.ProxyWebSocketFactory,6,192.168.100.109,DEBUG,
proxy,Audit.Proxy.Proxy.Communication.WebSocketProtocol.WebSocketConnector,8,192.168.100.109,DEBUG,
proxy,Audit.Proxy.Proxy.Core.Connection.ConnectionData,376,192.168.100.109,DEBUG,
proxy,Audit.Proxy.Proxy.Core.RequestHandler,163,192.168.100.109,DEBUG,
proxy,Audit.Proxy.Proxy.Core.RequestListener,2,192.168.100.109,DEBUG; WARN,
proxy,Audit.Proxy.Proxy.DefaultModules.Authentication.AuthenticationEngine,4,192.168.100.109,ERROR,
proxy,Audit.Proxy.Proxy.DefaultModules.Session.InMemorySession,119,192.168.100.109,DEBUG,
proxy,Audit.Proxy.Proxy.DefaultModules.Session.SessionClientHandler,4,192.168.100.109,DEBUG; INFO,
proxy,Audit.Proxy.Proxy.SessionEstablishment.Authentication.AuthenticationHandler,238,192.168.100.109,DEBUG; INFO,
proxy,Audit.Proxy.Proxy.SessionEstablishment.Authentication.TicketValidator,1,192.168.100.109,INFO,
proxy,Audit.Proxy.Proxy.SessionEstablishment.LoadBalancingHandlerDependencies,111,192.168.100.109,DEBUG; INFO,
proxy,Audit.Proxy.Proxy.SessionEstablishment.RedirectionHandler,1,192.168.100.109,INFO,
proxy,Audit.Proxy.Proxy.SessionEstablishment.Session.MetaSession,2,192.168.100.109,DEBUG,
proxy,Audit.Proxy.Qlik.Sense.Communication.Communication.Header.HeaderParser,448,192.168.100.109,DEBUG,
proxy,Audit.Proxy.Qlik.Sense.Communication.Communication.Tcp.StreamFactory,32,192.168.100.109,DEBUG,
proxy,Audit.Proxy.Qlik.Sense.Communication.Communication.Tcp.TcpClientWrapperFactory`1,33,192.168.100.109,DEBUG,
proxy,Audit.Proxy.Qlik.Sense.Logging.QSLogManagerBase,1,192.168.100.109,INFO,
proxy,Audit.Proxy.System.Reflection.RuntimeConstructorInfo,4,192.168.100.109,INFO,
proxy,AuditActivity.Proxy.Proxy.Api.QpsApiHandler,6,192.168.100.109,INFO,
proxy,AuditActivity.Proxy.Proxy.DefaultModules.Session.SessionClientHandler,2,192.168.100.109,INFO,
proxy,AuditActivity.Proxy.Proxy.SessionEstablishment.Authentication.AuthenticationHandler,1,192.168.100.109,INFO,
proxy,AuditActivity.Proxy.Proxy.SessionEstablishment.Session.MetaSession,1,192.168.100.109,INFO,
proxy,AuditActivity.Proxy.System.Reflection.RuntimeConstructorInfo,7,192.168.100.109,INFO,
proxy,AuditSecurity.Proxy.Proxy.Api.QpsApiHandler,1,192.168.100.109,INFO,
proxy,AuditSecurity.Proxy.Proxy.Core.QPSMain,4,192.168.100.109; 192.168.100.110,INFO,
proxy,AuditSecurity.Proxy.Proxy.DefaultModules.Authentication.AuthenticationEngine,4,192.168.100.109,ERROR,
proxy,AuditSecurity.Proxy.Proxy.DefaultModules.Authentication.FormAuthenticationRequestHandler,2,192.168.100.109,INFO,
proxy,AuditSecurity.Proxy.Proxy.SessionEstablishment.Authentication.AuthenticationHandler,1,192.168.100.109,INFO,
proxy,AuditSecurity.Proxy.System.Reflection.RuntimeConstructorInfo,1,192.168.100.109,INFO,
proxy,Performance.Proxy.Proxy.Monitoring.PerformanceLogger,4,192.168.100.109; 192.168.100.110,INFO,
proxy,Performance.Proxy.Qlik.Sense.Common.Communication.REST.Server.Monitoring.RestPerformanceSession,47,192.168.100.109; 192.168.100.110,DEBUG,
proxy,Performance.Proxy.Qlik.Sense.Common.Communication.Server.HttpConnectionHandler,94,192.168.100.109; 192.168.100.110,DEBUG,
proxy,Performance.Proxy.Qlik.Sense.Logging.QSLogManagerBase,1,192.168.100.109,INFO,
proxy,Security.Proxy.Qlik.Sense.Common.Security.Certificates.CertificatesInstalled,8,192.168.100.109; 192.168.100.110,DEBUG,
proxy,Security.Proxy.Qlik.Sense.Common.Security.Cryptography.CryptoKey,2,192.168.100.109; 192.168.100.110,INFO,
proxy,Security.Proxy.Qlik.Sense.Common.Security.Cryptography.LoggingDigester,2,192.168.100.109; 192.168.100.110,INFO,
proxy,Security.Proxy.Qlik.Sense.Common.Security.Cryptography.SecretsKey,2,192.168.100.109; 192.168.100.110,INFO,
proxy,Security.Proxy.Qlik.Sense.Communication.Security.CertSetup,4,192.168.100.109; 192.168.100.110,INFO,
proxy,Security.Proxy.Qlik.Sense.Communication.Security.CommandLineExecutor,12,192.168.100.109; 192.168.100.110,DEBUG,
proxy,Security.Proxy.Qlik.Sense.Logging.QSLogManagerBase,1,192.168.100.109,INFO,
proxy,Service.Proxy.Proxy.Communication.Rest.ProxyRestClient,10,192.168.100.109; 192.168.100.110,ERROR; WARN,
proxy,Service.Proxy.Proxy.Communication.Rest.ProxyRestServer,45,192.168.100.109; 192.168.100.110,INFO,
proxy,Service.Proxy.Proxy.Core.QPSMain,25,192.168.100.109; 192.168.100.110,INFO,
proxy,Service.Proxy.Proxy.Core.RequestListener,6,192.168.100.109; 192.168.100.110,ERROR; INFO,
proxy,Service.Proxy.Proxy.DefaultModules.Authentication.AuthenticationEngine,4,192.168.100.109,ERROR,
proxy,Service.Proxy.Proxy.DefaultModules.Authentication.AuthenticationServer,6,192.168.100.109; 192.168.100.110,INFO,
proxy,Service.Proxy.Proxy.Settings.SettingsHandler,10,192.168.100.109; 192.168.100.110,ERROR,
proxy,Service.Proxy.Qlik.Sense.Common.Monitoring.HardwareInfo,12,192.168.100.109; 192.168.100.110,INFO,
proxy,System.Proxy.LoadBalancingLogic.LoadBalancer,4,192.168.100.109,DEBUG,
proxy,System.Proxy.Proxy.Bootstrap.BootstrapHandler,2,192.168.100.109; 192.168.100.110,INFO,
proxy,System.Proxy.Proxy.Communication.Cache.CacheWrapperAsyncStream,11,192.168.100.109,DEBUG,
proxy,System.Proxy.Proxy.Communication.Rest.ProxyRestClient,127,192.168.100.109; 192.168.100.110,DEBUG; ERROR; INFO,
proxy,System.Proxy.Proxy.Communication.Rest.ProxyRestServer,3,192.168.100.109; 192.168.100.110,INFO,
proxy,System.Proxy.Proxy.Core.Connection.Validation.ConnectionDataValidator,2,192.168.100.109; 192.168.100.110,INFO,
proxy,System.Proxy.Proxy.Core.QPSMain,41,192.168.100.109; 192.168.100.110,INFO,
proxy,System.Proxy.Proxy.Core.RequestListener,8,192.168.100.109; 192.168.100.110,DEBUG; ERROR; INFO,
proxy,System.Proxy.Proxy.DefaultModules.Authentication.AuthenticationServer,6,192.168.100.109; 192.168.100.110,INFO,
proxy,System.Proxy.Proxy.SessionEstablishment.LoadBalancingHandlerDependencies,71,192.168.100.109; 192.168.100.110,DEBUG; INFO,
proxy,System.Proxy.Proxy.Settings.ProxyConfiguration,2,192.168.100.109; 192.168.100.110,INFO,
proxy,System.Proxy.Proxy.Settings.QrsSettingsPollAction,7,192.168.100.109; 192.168.100.110,DEBUG; INFO,
proxy,System.Proxy.Proxy.Settings.QrsSettingsPoller,7,192.168.100.109; 192.168.100.110,DEBUG,
proxy,System.Proxy.Proxy.Settings.SettingsHandler,10,192.168.100.109; 192.168.100.110,WARN,
proxy,System.Proxy.Proxy.Settings.VirtualProxyRepository,32,192.168.100.109; 192.168.100.110,INFO,
proxy,System.Proxy.Proxy.Util.LogEntityManagerWorker,2,192.168.100.109; 192.168.100.110,DEBUG,
proxy,System.Proxy.Qlik.Sense.Common.Communication.AsyncWebClient,42,192.168.100.109; 192.168.100.110,DEBUG,
proxy,System.Proxy.Qlik.Sense.Common.Communication.REST.Server.RESTEngine,47,192.168.100.109; 192.168.100.110,DEBUG,
proxy,System.Proxy.Qlik.Sense.Common.Communication.Server.HttpConnectionHandler,9,192.168.100.109; 192.168.100.110,INFO,
proxy,System.Proxy.Qlik.Sense.Common.Communication.Server.HttpConnectionQueueHandler,47,192.168.100.109; 192.168.100.110,DEBUG,
proxy,System.Proxy.Qlik.Sense.Common.Logging.LogEntityManager,2,192.168.100.109; 192.168.100.110,DEBUG,
proxy,System.Proxy.Qlik.Sense.Communication.LocalHostInfoPersistence,6,192.168.100.109; 192.168.100.110,DEBUG,
proxy,System.Proxy.Qlik.Sense.Logging.QSLogManagerBase,1,192.168.100.109,INFO,
proxy,System.Proxy.Qlik.Sense.Net.Dns.DnsWrapper,6,192.168.100.109; 192.168.100.110,DEBUG,
proxy,System.Proxy.System.Reflection.RuntimeConstructorInfo,13,192.168.100.109,DEBUG,
proxy,Traffic.Proxy.Qlik.Sense.Common.Communication.REST.Client.BaseRESTClient,117,192.168.100.109; 192.168.100.110,DEBUG,
repository,Application.Repository.Qlik.Sense.Logging.QSLogManagerBase,1,192.168.100.109,INFO,
repository,Audit.Engine.Engine,67,192.168.100.109,INFO,
repository,Audit.Repository.Qlik.Sense.Logging.QSLogManagerBase,1,192.168.100.109,INFO,
repository,Audit.Repository.Repository.Core.Bootstrap.AbstractBootstrapper,54,192.168.100.109; 192.168.100.110,INFO,
repository,Audit.Repository.Repository.Core.Bootstrap.RepositoryBootstrapper,6,192.168.100.109; 192.168.100.110,INFO,
repository,Audit.Repository.Repository.Core.Repository.Common.FileSystemRequestManager,4,192.168.100.109,INFO,
repository,AuditActivity.Engine.Engine,31,192.168.100.109,INFO,
repository,AuditActivity.Repository.Qlik.Sense.Common.Logging.RESTLogEngine,3,192.168.100.109,INFO,
repository,AuditActivity.Repository.Repository.Communication.Clients.SchedulerClient,2,192.168.100.109,INFO,22b106a8-e7ed-4466-b700-014f060bef16
repository,AuditActivity.Repository.Repository.Core.Resource.TaskResource,2,192.168.100.109,INFO,22b106a8-e7ed-4466-b700-014f060bef16; reload of test failing reloads 1
repository,AuditSecurity.Repository.Qlik.Sense.Common.Logging.RESTLogEngine,1,192.168.100.109,INFO,
repository,AuditSecurity.Repository.Repository.Core.Licensing.AccessTypes.ProfessionalAccessTypeHandler,1,192.168.100.109,INFO,
repository,AuditSecurity.Repository.Repository.Core.Repository.ProfessionalAccessTypeRepository,1,192.168.100.109,INFO,
repository,AuditSecurity.Repository.Repository.Core.Resource.UserResource,1,192.168.100.109,INFO,
repository,License.Repository.Qlik.Sense.Logging.QSLogManagerBase,1,192.168.100.109,INFO,
repository,License.Repository.Repository.Core.Licensing.AccessTypes.ProfessionalAccessTypeHandler,1,192.168.100.109,INFO,
repository,License.Repository.Repository.Core.Repository.ProfessionalAccessTypeRepository,1,192.168.100.109,INFO,
repository,ManagementConsole.Repository.Qlik.Sense.Logging.QSLogManagerBase,1,192.168.100.109,INFO,
repository,Performance.Engine.Engine,2,192.168.100.109,INFO,
repository,Performance.Repository.Qlik.Sense.Common.Communication.REST.Server.Monitoring.RestPerformanceSession,482,192.168.100.109; 192.168.100.110,DEBUG,
repository,Performance.Repository.Qlik.Sense.Common.Communication.Server.HttpConnectionHandler,1006,192.168.100.109; 192.168.100.110,DEBUG,22b106a8-e7ed-4466-b700-014f060bef16
repository,Performance.Repository.Qlik.Sense.Logging.QSLogManagerBase,1,192.168.100.109,INFO,
repository,Performance.Repository.Repository.Core.Monitoring.PerformanceLogger,2,192.168.100.109,INFO,
repository,QixPerformance.Engine.Engine,131,192.168.100.109,INFO,
repository,Security.Repository.Qlik.Sense.Common.Security.Cryptography.CryptoKey,21,192.168.100.109; 192.168.100.110,DEBUG; INFO,
repository,Security.Repository.Qlik.Sense.Common.Security.Cryptography.LoggingDigester,2,192.168.100.109; 192.168.100.110,INFO,
repository,Security.Repository.Qlik.Sense.Common.Security.Cryptography.SecretsKey,3,192.168.100.109; 192.168.100.110,INFO,
repository,Security.Repository.Qlik.Sense.Communication.Security.CertSetup,2,192.168.100.109; 192.168.100.110,INFO,
repository,Security.Repository.Qlik.Sense.Communication.Security.CommandLineExecutor,80,192.168.100.109; 192.168.100.110,DEBUG,
repository,Security.Repository.Qlik.Sense.Logging.QSLogManagerBase,1,192.168.100.109,INFO,
repository,Security.Repository.Repository.Core.Certificates.DiskCertificateStore,4,192.168.100.109; 192.168.100.110,INFO,
repository,Service.Engine.Engine,2,192.168.100.109,INFO,
repository,Service.Repository.Qlik.Sense.Common.Monitoring.HardwareInfo,12,192.168.100.109; 192.168.100.110,INFO,
repository,Service.Repository.Repository.Core.Core,1,192.168.100.109,INFO,
repository,Service.Repository.Repository.Core.Services.ApiService,4,192.168.100.109; 192.168.100.110,INFO,
repository,Service.Repository.Repository.Core.Services.SSLPingService,4,192.168.100.109; 192.168.100.110,INFO,
repository,Service.Repository.Repository.Core.Services.StatusService,4,192.168.100.109; 192.168.100.110,INFO,
repository,Service.Repository.Repository.Core.Status.EngineHealthCheckWorker,1,192.168.100.109,WARN,
repository,Service.Repository.Repository.Core.Status.ServiceStatusWorker,12,192.168.100.109,WARN,
repository,Service.Repository.Repository.QRSMain,3,192.168.100.109; 192.168.100.110,INFO,
repository,Service.Repository.Repository.Users.Factories.UserDirectoryConnectorFactory,12,192.168.100.109,INFO,
repository,Session.Engine.Engine,58,192.168.100.109,INFO,
repository,Synchronization.Repository.Qlik.Sense.Logging.QSLogManagerBase,1,192.168.100.109,INFO,
repository,Synchronization.Repository.Repository.Core.Logging.LogCollector,2,192.168.100.109; 192.168.100.110,INFO,
repository,Synchronization.Repository.Repository.Core.Repository.Notification.ChangeMonitor,467,192.168.100.109; 192.168.100.110,DEBUG; INFO,
repository,System.Engine.Engine,682,192.168.100.109,DEBUG; INFO,
repository,System.Repository.Qlik.RulesEngine.Cache.CustomPropertyDefinitionCache,2,192.168.100.109; 192.168.100.110,INFO,
repository,System.Repository.Qlik.RulesEngine.Cache.RuleCache,2,192.168.100.109; 192.168.100.110,INFO,
repository,System.Repository.Qlik.Sense.Common.Communication.AsyncWebClient,17,192.168.100.109; 192.168.100.110,DEBUG,22b106a8-e7ed-4466-b700-014f060bef16
repository,System.Repository.Qlik.Sense.Common.Communication.REST.Server.RESTEngine,486,192.168.100.109; 192.168.100.110,DEBUG,22b106a8-e7ed-4466-b700-014f060bef16
repository,System.Repository.Qlik.Sense.Common.Communication.Server.HttpConnectionHandler,36,192.168.100.109; 192.168.100.110,INFO,
repository,System.Repository.Qlik.Sense.Common.Communication.Server.HttpConnectionQueueHandler,506,192.168.100.109; 192.168.100.110,DEBUG; WARN,22b106a8-e7ed-4466-b700-014f060bef16
repository,System.Repository.Qlik.Sense.Common.Configuration.AppSettingsUtil,16,192.168.100.109; 192.168.100.110,INFO,
repository,System.Repository.Qlik.Sense.Common.ThreadWrapper,1,192.168.100.109,ERROR,
repository,System.Repository.Qlik.Sense.Communication.Communication.Engine.EngineConnectivity,4,192.168.100.109,DEBUG,
repository,System.Repository.Qlik.Sense.Communication.Communication.Engine.EngineConnectivity+EngineConnectivitySession,1,192.168.100.109,DEBUG,
repository,System.Repository.Qlik.Sense.Communication.Communication.WebSocketProtocol.WebSocketSession,98,192.168.100.109,DEBUG,
repository,System.Repository.Qlik.Sense.Communication.LocalHostInfoPersistence,18,192.168.100.109; 192.168.100.110,DEBUG,
repository,System.Repository.Qlik.Sense.Logging.QSLogManagerBase,1,192.168.100.109,INFO,
repository,System.Repository.Qlik.Sense.Net.Dns.DnsWrapper,6,192.168.100.109; 192.168.100.110,DEBUG,
repository,System.Repository.Repository.Core.BackgroundWork.BackgroundWorkInitiator,39,192.168.100.109; 192.168.100.110,INFO,
repository,System.Repository.Repository.Core.BackgroundWork.BackgroundWorkManager,93,192.168.100.109; 192.168.100.110,INFO,
repository,System.Repository.Repository.Core.BackgroundWork.BackgroundWorkScheduler,348,192.168.100.109; 192.168.100.110,DEBUG; ERROR; INFO; WARN,
repository,System.Repository.Repository.Core.Bootstrap.BootstrapHandler,18,192.168.100.109; 192.168.100.110,INFO,
repository,System.Repository.Repository.Core.Cluster.ServiceClusterSetup,2,192.168.100.109; 192.168.100.110,INFO,
repository,System.Repository.Repository.Core.Core,81,192.168.100.109; 192.168.100.110,INFO,
repository,System.Repository.Repository.Core.Database.DatabaseConnectionFactory,2,192.168.100.109; 192.168.100.110,INFO,
repository,System.Repository.Repository.Core.Database.DeletedEntityLogFilter,2,192.168.100.109; 192.168.100.110,INFO,
repository,System.Repository.Repository.Core.DataCollection.DataCollectionSetup,4,192.168.100.109; 192.168.100.110,INFO,
repository,System.Repository.Repository.Core.Engine.Logging.LogPipeServer,16,192.168.100.109; 192.168.100.110,INFO,
repository,System.Repository.Repository.Core.Installer.InstallerConfigurationHandler,1,192.168.100.109,INFO,
repository,System.Repository.Repository.Core.Licensing.LicenseServer.LicenseServerFacade,12,192.168.100.109; 192.168.100.110,DEBUG,
repository,System.Repository.Repository.Core.Logging.LogEntityManagerWorker,64,192.168.100.109; 192.168.100.110,DEBUG,
repository,System.Repository.Repository.Core.Maintenance.ExecutionResults.ExecutionResultMaintenance,7,192.168.100.109,DEBUG,22b106a8-e7ed-4466-b700-014f060bef16
repository,System.Repository.Repository.Core.ProxySettings.ProxyServiceSettingsInstallerFile,2,192.168.100.109; 192.168.100.110,DEBUG; WARN,
repository,System.Repository.Repository.Core.ProxySettings.ProxyServiceSettingsUpdate,1,192.168.100.110,DEBUG,
repository,System.Repository.Repository.Core.Repository.Notification.ChangeNotifier,344,192.168.100.109; 192.168.100.110,DEBUG,
repository,System.Repository.Repository.Core.Repository.Notification.MqChangeNotificationManager,2,192.168.100.109; 192.168.100.110,INFO,
repository,System.Repository.Repository.Core.Repository.Notification.MqMessageMonitor,2,192.168.100.109; 192.168.100.110,DEBUG,
repository,System.Repository.Repository.Core.Repository.Notification.NotificationListenerCollection,72,192.168.100.109; 192.168.100.110,DEBUG,
repository,System.Repository.Repository.Core.Resource.LogArchivingResource,28,192.168.100.109,DEBUG,
repository,System.Repository.Repository.Core.Resource.NotificationResource,10,192.168.100.109,DEBUG,
repository,System.Repository.Repository.Core.Resource.Support.ExtensionSchemaCache,2,192.168.100.109; 192.168.100.110,INFO,
repository,System.Repository.Repository.Core.ServerNodes.RoleActionExecuter,6,192.168.100.109,INFO,
repository,System.Repository.Repository.Core.ServerNodes.SchedulerTypeTransferer,1,192.168.100.109,INFO,
repository,System.Repository.Repository.Core.Services.ApiService,6,192.168.100.109; 192.168.100.110,INFO,
repository,System.Repository.Repository.Core.Services.SSLPingService,6,192.168.100.109; 192.168.100.110,INFO,
repository,System.Repository.Repository.Core.Services.StatusService,6,192.168.100.109; 192.168.100.110,INFO,
repository,System.Repository.Repository.Core.Status.EngineHealthCheckWorker,439,192.168.100.109,DEBUG; WARN,
repository,System.Repository.Repository.Core.Status.HeartbeatMonitor,2,192.168.100.109; 192.168.100.110,INFO,
repository,System.Repository.Repository.Core.Status.ServiceStatusWorker,11,192.168.100.109,WARN,
repository,System.Repository.Repository.QRSMain,216,192.168.100.109; 192.168.100.110,INFO,
repository,System.Repository.Repository.WebSocketServer.RepositoryWebSocketFactory,1,192.168.100.109,ERROR,
repository,System.Repository.Repository.WebSocketServer.RepositoryWebSocketServer,3,192.168.100.109; 192.168.100.110,DEBUG; INFO,
repository,Traffic.Engine.Engine,273,192.168.100.109,INFO,
repository,Traffic.Repository.Qlik.Sense.Common.Communication.REST.Client.BaseRESTClient,208,192.168.100.109; 192.168.100.110,DEBUG,22b106a8-e7ed-4466-b700-014f060bef16
repository,UserManagement.Repository.Qlik.Sense.Logging.QSLogManagerBase,1,192.168.100.109,INFO,
repository,UserManagement.Repository.Repository.Users.Factories.UserDirectoryConnectorFactory,14,192.168.100.109,INFO,
repository,UserManagement.Repository.Repository.Users.Factories.UserDirectoryFactory,33,192.168.100.109,DEBUG; INFO,
repository,UserManagement.Repository.Repository.Users.Support.SyncUserRepository,3,192.168.100.109,DEBUG; INFO,
repository,UserManagement.Repository.Repository.Users.SyncUsersWorker,45,192.168.100.109,DEBUG; INFO,
repository,UserManagement.Repository.Repository.Users.UserSyncEngine,12,192.168.100.109,DEBUG; INFO; WARN,
scheduler,Application.Scheduler.Qlik.Sense.Logging.QSLogManagerBase,1,192.168.100.109,INFO,
scheduler,Audit.Proxy.Proxy.DefaultModules.Authentication.AuthenticationEngine,2,192.168.100.110,ERROR,
scheduler,Audit.Scheduler.Qlik.Sense.Communication.Communication.Header.HeaderParser,12,192.168.100.109,DEBUG,
scheduler,Audit.Scheduler.Qlik.Sense.Communication.Communication.Tcp.StreamFactory,6,192.168.100.109,DEBUG,
scheduler,Audit.Scheduler.Qlik.Sense.Communication.Communication.Tcp.TcpClientWrapperFactory`1,6,192.168.100.109,DEBUG,
scheduler,Audit.Scheduler.Qlik.Sense.Logging.QSLogManagerBase,1,192.168.100.109,INFO,
scheduler,AuditActivity.Scheduler.Scheduler.Application.ServiceCoordinator,2,192.168.100.109; 192.168.100.110,INFO,
scheduler,AuditActivity.Scheduler.Scheduler.Master.Task.TaskSession,24,192.168.100.109,INFO,reload of test failing reloads 1
scheduler,AuditActivity.Scheduler.Scheduler.Master.Task.TaskSessionState,21,192.168.100.109,INFO,
scheduler,AuditActivity.Scheduler.Scheduler.Slave.SlaveCoordinator,6,192.168.100.109; 192.168.100.110,INFO,
scheduler,AuditSecurity.Proxy.Proxy.DefaultModules.Authentication.AuthenticationEngine,2,192.168.100.110,ERROR,
scheduler,Performance.Proxy.Proxy.Monitoring.PerformanceLogger,1,192.168.100.110,INFO,
scheduler,Performance.Scheduler.Qlik.Sense.Common.Communication.REST.Server.Monitoring.RestPerformanceSession,1169,192.168.100.109; 192.168.100.110,DEBUG,
scheduler,Performance.Scheduler.Qlik.Sense.Common.Communication.Server.HttpConnectionHandler,2338,192.168.100.109; 192.168.100.110,DEBUG,22b106a8-e7ed-4466-b700-014f060bef16
scheduler,Performance.Scheduler.Qlik.Sense.Logging.QSLogManagerBase,1,192.168.100.109,INFO,
scheduler,Security.Scheduler.Qlik.Sense.Common.Security.Certificates.CertificatesInstalled,8,192.168.100.109; 192.168.100.110,DEBUG,
scheduler,Security.Scheduler.Qlik.Sense.Common.Security.Cryptography.CryptoKey,2,192.168.100.109; 192.168.100.110,INFO,
scheduler,Security.Scheduler.Qlik.Sense.Common.Security.Cryptography.LoggingDigester,2,192.168.100.109; 192.168.100.110,INFO,
scheduler,Security.Scheduler.Qlik.Sense.Common.Security.Cryptography.SecretsKey,2,192.168.100.109; 192.168.100.110,INFO,
scheduler,Security.Scheduler.Qlik.Sense.Communication.Security.CommandLineExecutor,8,192.168.100.109; 192.168.100.110,DEBUG,
scheduler,Security.Scheduler.Qlik.Sense.Logging.QSLogManagerBase,1,192.168.100.109,INFO,
scheduler,Service.Proxy.Proxy.Communication.Rest.ProxyRestServer,1,192.168.100.110,INFO,
scheduler,Service.Proxy.Proxy.Core.QPSMain,7,192.168.100.110,INFO,
scheduler,Service.Proxy.Proxy.Core.RequestListener,2,192.168.100.110,INFO,
scheduler,Service.Proxy.Proxy.DefaultModules.Authentication.AuthenticationEngine,2,192.168.100.110,ERROR,
scheduler,Service.Proxy.Proxy.DefaultModules.Authentication.AuthenticationServer,2,192.168.100.110,INFO,
scheduler,Service.Scheduler.Qlik.Sense.Common.Monitoring.HardwareInfo,12,192.168.100.109; 192.168.100.110,INFO,
scheduler,Service.Scheduler.Scheduler.Master.MasterCoordinator,5,192.168.100.109; 192.168.100.110,INFO,
scheduler,Service.Scheduler.Scheduler.Master.Task.TaskSession,6,192.168.100.109,ERROR,
scheduler,Service.Scheduler.Scheduler.Slave.SlaveCoordinator,4,192.168.100.109; 192.168.100.110,INFO,
scheduler,System.Proxy.Proxy.Communication.Rest.ProxyRestServer,1,192.168.100.110,INFO,
scheduler,System.Proxy.Proxy.Core.QPSMain,3,192.168.100.110,INFO,
scheduler,System.Proxy.Proxy.Core.RequestListener,2,192.168.100.110,INFO,
scheduler,System.Proxy.Proxy.DefaultModules.Authentication.AuthenticationServer,2,192.168.100.110,INFO,
scheduler,System.Proxy.Proxy.SessionEstablishment.LoadBalancingHandlerDependencies,7,192.168.100.110,INFO,
scheduler,System.Proxy.Qlik.Sense.Common.Communication.Server.HttpConnectionHandler,5,192.168.100.110,INFO,
scheduler,System.Scheduler.Qlik.Sense.Common.Communication.AsyncWebClient,2778,192.168.100.109; 192.168.100.110,DEBUG,22b106a8-e7ed-4466-b700-014f060bef16; reload of test failing reloads 1
scheduler,System.Scheduler.Qlik.Sense.Common.Communication.REST.Server.RESTEngine,1169,192.168.100.109; 192.168.100.110,DEBUG,22b106a8-e7ed-4466-b700-014f060bef16
scheduler,System.Scheduler.Qlik.Sense.Common.Communication.Server.HttpConnectionHandler,34,192.168.100.109; 192.168.100.110,INFO,
scheduler,System.Scheduler.Qlik.Sense.Common.Communication.Server.HttpConnectionQueueHandler,1169,192.168.100.109; 192.168.100.110,DEBUG,22b106a8-e7ed-4466-b700-014f060bef16
scheduler,System.Scheduler.Qlik.Sense.Communication.Communication.WebSocketProtocol.WebSocketSession,48,192.168.100.109; 192.168.100.110,DEBUG,
scheduler,System.Scheduler.Qlik.Sense.Communication.LocalHostInfoPersistence,6,192.168.100.109; 192.168.100.110,DEBUG,
scheduler,System.Scheduler.Qlik.Sense.Logging.QSLogManagerBase,1,192.168.100.109,INFO,
scheduler,System.Scheduler.Qlik.Sense.Net.Dns.DnsWrapper,6,192.168.100.109; 192.168.100.110,DEBUG,
scheduler,System.Scheduler.Scheduler.Bootstrap.BootstrapHandler,2,192.168.100.109; 192.168.100.110,INFO,
scheduler,System.Scheduler.Scheduler.Communication.Notification.NotificationManager,4,192.168.100.109; 192.168.100.110,INFO,
scheduler,System.Scheduler.Scheduler.Communication.Notification.NotificationManager+RepositoryRegistration,14,192.168.100.109; 192.168.100.110,DEBUG,
scheduler,System.Scheduler.Scheduler.Communication.Settings.SettingsManager,12,192.168.100.109; 192.168.100.110,INFO,
scheduler,System.Scheduler.Scheduler.Communication.Wrapper.Repository.RepositoryConnection,15,192.168.100.109; 192.168.100.110,INFO; WARN,
scheduler,System.Scheduler.Scheduler.EngineWrapper.EngineConnectionHandle,6,192.168.100.109,INFO,
scheduler,System.Scheduler.Scheduler.EngineWrapper.PreloadProvider,8,192.168.100.109,INFO,
scheduler,System.Scheduler.Scheduler.EngineWrapper.ReloadProgressManager,4,192.168.100.109,INFO,
scheduler,System.Scheduler.Scheduler.EngineWrapper.ReloadProvider,26,192.168.100.109,ERROR; INFO,
scheduler,System.Scheduler.Scheduler.Main,70,192.168.100.109; 192.168.100.110,INFO,
scheduler,System.Scheduler.Scheduler.Master.Chain.ChainManager,18,192.168.100.109,DEBUG; INFO,22b106a8-e7ed-4466-b700-014f060bef16
scheduler,System.Scheduler.Scheduler.Master.Chain.ChainRule,38,192.168.100.109,DEBUG,
scheduler,System.Scheduler.Scheduler.Master.MasterCoordinator,12,192.168.100.109; 192.168.100.110,DEBUG; INFO,
scheduler,System.Scheduler.Scheduler.Master.Schedule.ScheduleEngine,140,192.168.100.109,INFO; WARN,
scheduler,System.Scheduler.Scheduler.Master.Schedule.ScheduleManager,3,192.168.100.109,DEBUG; INFO,
scheduler,System.Scheduler.Scheduler.Master.Schedule.SchemaEvent,63,192.168.100.109,INFO,
scheduler,System.Scheduler.Scheduler.Master.Slave.PreloadSlaveSelector,4,192.168.100.109,DEBUG; INFO,
scheduler,System.Scheduler.Scheduler.Master.Slave.SlaveManager,15,192.168.100.109,INFO; WARN,
scheduler,System.Scheduler.Scheduler.Master.Task.Task,1055,192.168.100.109,DEBUG; INFO,
scheduler,System.Scheduler.Scheduler.Master.Task.TaskManager,6,192.168.100.109; 192.168.100.110,INFO,
scheduler,System.Scheduler.Scheduler.Master.Task.TaskSession,50,192.168.100.109,DEBUG; ERROR; INFO; WARN,
scheduler,System.Scheduler.Scheduler.Master.Task.TaskSessionState,139,192.168.100.109,DEBUG,
scheduler,System.Scheduler.Scheduler.Master.Task.TaskStore,87,192.168.100.109,DEBUG,
scheduler,System.Scheduler.Scheduler.Monitoring.Logging.Scope.LogScope,2,192.168.100.109; 192.168.100.110,INFO,
scheduler,System.Scheduler.Scheduler.Monitoring.Metrics.Metrics,7,192.168.100.109,INFO,
scheduler,System.Scheduler.Scheduler.Monitoring.Metrics.MetricsController,2,192.168.100.109; 192.168.100.110,INFO,
scheduler,System.Scheduler.Scheduler.Slave.Execution.ExecutionManager,34,192.168.100.109; 192.168.100.110,DEBUG; INFO,22b106a8-e7ed-4466-b700-014f060bef16
scheduler,System.Scheduler.Scheduler.Slave.Execution.Executor,12,192.168.100.109,INFO,
scheduler,System.Scheduler.Scheduler.Slave.Master.MasterManager,2,192.168.100.109; 192.168.100.110,DEBUG,
scheduler,System.Scheduler.Scheduler.Slave.SlaveCoordinator,17,192.168.100.109; 192.168.100.110,DEBUG; INFO,
scheduler,System.Scheduler.Scheduler.Slave.Tasks.ReloadTask,36,192.168.100.109,ERROR; INFO,
scheduler,TaskExecution.Scheduler.Qlik.Sense.Logging.QSLogManagerBase,1,192.168.100.109,INFO,
scheduler,TaskExecution.Scheduler.Scheduler.Master.Task.TaskSessionState,9,192.168.100.109,INFO,
scheduler,Traffic.Scheduler.Qlik.Sense.Common.Communication.REST.Client.BaseRESTClient,2233,192.168.100.109; 192.168.100.110,DEBUG,22b106a8-e7ed-4466-b700-014f060bef16; reload of test failing reloads 1